Nup, energy, uncert
1, 1.0869003101796724, 0.002374457523879411
2, 2.618784242053691, 0.001100778574013953
3,
4,
5,
6,
7,
8,
9,